nombre,telefono,email
Brock Alford,1-578-595-4151,non.vestibulum.nec@outlook.com
Duncan Nichols,1-850-841-5974,quam.quis.diam@icloud.com
Zelenia Brooks,1-584-415-7225,ornare.libero@hotmail.edu
Lamar Morrison,(758) 865-8968,fusce.fermentum.fermentum@aol.net
Regan Aguirre,1-145-772-8843,mauris@google.net
Tatiana Hart,1-411-562-8251,nullam.velit@icloud.edu
Rashad Franco,(521) 653-6465,posuere.cubilia@protonmail.org
Cameron Reid,1-455-169-2084,cras.pellentesque.sed@icloud.net
Hayden Estrada,1-424-555-1059,tincidunt.pede@aol.edu
Leila Tucker,1-558-185-3847,a.odio@google.couk
Seth Neal,1-698-867-7937,sit.amet.consectetuer@aol.com
Simone Frazier,1-507-321-6541,dignissim@google.couk
Signe Waters,1-342-338-4806,arcu.ac.orci@yahoo.com
Alisa Dodson,1-405-526-0164,lectus.sit.amet@google.couk
Stuart Richmond,(538) 685-7623,habitant.morbi@yahoo.net
Nasim Harvey,1-773-563-2440,lacus.ut.nec@icloud.ca
Tyrone Spears,1-627-332-2885,euismod.et@outlook.couk
Dorian Bradshaw,(369) 767-5378,nulla.donec@hotmail.ca
Rhea Mendoza,1-444-664-5592,enim@icloud.org
Sandra Mcclain,(813) 322-5585,ridiculus.mus.aenean@hotmail.net
Joel Becker,(828) 348-6044,aliquam.erat@google.couk
Hu Moon,(373) 483-1485,facilisis.magna@protonmail.com
Aaron Mckay,1-976-286-1031,nascetur.ridiculus@google.org
Maisie Matthews,(505) 444-2234,curabitur.sed@google.net
Britanni Strong,(414) 747-4620,tortor.dictum@icloud.com
Carol Gay,1-663-324-5273,nulla.semper.tellus@google.org
Grant Mcfarland,1-234-388-0672,sociis@outlook.ca
Hakeem Noel,(967) 383-4900,ultricies.ligula.nullam@icloud.org
Mona Buck,(978) 103-4454,malesuada.fames@aol.net
Gareth Hall,(495) 353-8028,ligula.aliquam@aol.org
Halla Hampton,1-435-253-8559,aliquam.adipiscing@hotmail.ca
Grace Henry,(941) 461-1912,massa.vestibulum.accumsan@google.org
Jaden Ewing,(531) 452-4101,vivamus.nibh@outlook.couk
Robert Hoffman,1-619-470-8816,ligula.elit@aol.edu
Jena Conway,1-532-250-8471,fermentum.fermentum.arcu@yahoo.net
Charde Caldwell,(164) 244-8938,nec.urna@outlook.edu
Sebastian Robinson,(672) 814-3670,egestas@hotmail.com
Quin Cherry,(877) 218-2667,magna.sed@outlook.ca
Griffith Cortez,1-427-505-7524,mollis.dui.in@protonmail.net
Maia Wolf,(486) 250-1014,cursus.vestibulum@yahoo.edu
Rhea Allen,1-411-731-1531,odio.sagittis@outlook.net
Lucas Craft,1-387-689-5826,nec.quam@yahoo.edu
Abra James,(871) 902-2864,pharetra.ut@aol.org
Darryl Fry,1-949-176-5190,vestibulum@yahoo.edu
Rae Mckee,1-669-167-4753,elementum@outlook.edu
Sigourney Stuart,(328) 472-7113,quisque.nonummy@yahoo.org
Rudyard Espinoza,(351) 386-4741,amet@outlook.edu
Kevin England,1-772-933-4727,adipiscing.non@hotmail.org
David Sharp,(633) 614-1833,ipsum.primis@yahoo.edu
Elmo Roy,1-988-867-8614,pellentesque@protonmail.couk
Susan Moore,(548) 442-3551,adipiscing.mauris@yahoo.org
Meghan Cantrell,1-877-784-4703,et.pede.nunc@icloud.edu
Gretchen Barlow,1-383-764-7468,sociis.natoque@aol.ca
Tanner Wynn,1-937-778-5559,ipsum.curabitur@yahoo.couk
Kellie Butler,1-399-857-9581,eu.metus@outlook.org
Candace Curry,(622) 296-6865,id@google.ca
Marsden Holland,1-490-502-3489,metus.in@protonmail.com
Rajah Dunlap,(151) 975-7832,orci.lobortis@hotmail.org
Katelyn Mercer,1-330-272-6378,adipiscing.mauris@google.edu
Nash Payne,1-355-728-1418,etiam@aol.edu
Thomas Curtis,1-975-793-7746,ante.dictum@yahoo.net
Kirk Woodard,(450) 542-7429,duis.mi.enim@hotmail.com
Karen Stein,1-522-236-2533,nascetur.ridiculus@google.com
Garrett Carr,(984) 833-2864,nunc.id@yahoo.ca
Norman Wilkerson,(766) 573-5012,scelerisque.neque@protonmail.edu
Hoyt Mcclure,1-241-834-3827,habitant@yahoo.couk
Gillian Summers,(644) 565-4945,laoreet.libero@yahoo.couk
Christen Ryan,1-928-233-7860,cursus.purus@google.com
Keith Galloway,1-213-638-7551,nulla@aol.edu
Neil Dawson,1-413-615-3874,lectus.ante.dictum@google.ca
Kelly Salas,1-461-414-8765,morbi.vehicula.pellentesque@icloud.net
Teegan Burke,(635) 873-9418,quam.a.felis@aol.edu
Demetria Dunlap,(841) 378-8634,erat.etiam.vestibulum@hotmail.couk
Isadora Wilcox,(587) 181-7365,in.molestie.tortor@protonmail.org
Omar Sloan,(742) 453-8883,tincidunt@icloud.com
Caleb Keith,1-871-249-9011,eu.tellus@yahoo.org
Brady Martin,(561) 254-1625,velit@icloud.couk
Josephine Whitfield,(630) 445-5248,sed@icloud.edu
Priscilla O'donnell,1-374-304-6062,consequat.enim.diam@protonmail.org
Rafael Owen,(801) 380-2712,egestas.hendrerit@icloud.net
Simone Webb,(245) 613-9116,elit.etiam@aol.com
Axel Hendricks,1-237-288-9235,aliquam.rutrum.lorem@aol.edu
Jeanette Peck,1-432-815-9775,aliquam.auctor@google.couk
Kevyn David,(332) 545-8918,scelerisque.lorem@protonmail.couk
Finn Barlow,1-255-874-4017,cum.sociis@aol.com
Ruth Hensley,1-334-325-7861,varius.nam.porttitor@aol.edu
Roth Mathis,(754) 854-4642,amet.risus.donec@aol.org
Jesse Allen,(210) 518-6186,et@outlook.ca
Berk Hunter,1-257-531-1722,primis.in@yahoo.net
Maite Huff,(448) 918-9755,consequat.enim.diam@protonmail.edu
Mariam Trujillo,(332) 524-8975,leo.in@icloud.edu
Jenna Dunlap,1-783-695-9064,a.dui.cras@outlook.net
Lee Lopez,1-445-435-6334,sodales.purus@protonmail.edu
Hanna Pierce,1-883-422-8501,nunc.mauris.sapien@google.couk
Desiree Horne,1-653-542-9173,curae.donec@icloud.edu
Samson Ross,(352) 884-1418,tellus.eu@google.com
Brynne Tyson,(517) 796-7255,iaculis@hotmail.ca
Quintessa Howe,1-654-690-5198,ut.sem.nulla@yahoo.net
Scarlet Bright,1-609-121-9841,est.ac.mattis@hotmail.net
Jaime Barr,1-339-135-8587,nulla.integer@hotmail.couk
